{"cameraMode":{"drawMode":0,"name":"Shaded","section":"Shading Mode"},"sceneLighting":true,"audioPlay":false,"sceneViewState":{"m_AlwaysRefresh":false,"showFog":true,"showSkybox":true,"showFlares":true,"showImageEffects":true,"showParticleSystems":true,"showVisualEffectGraphs":true,"m_FxEnabled":true},"in2DMode":false,"pivot":{"x":345.9316101074219,"y":-13.048118591308594,"z":195.88595581054688},"rotation":{"x":-0.016593996435403825,"y":0.9799419641494751,"z":-0.17709998786449433,"w":-0.09107542037963867},"size":202.7464141845703,"orthographic":false}