{"cameraMode":{"drawMode":0,"name":"Shaded","section":"Shading Mode"},"sceneLighting":true,"audioPlay":false,"sceneViewState":{"m_AlwaysRefresh":false,"showFog":true,"showSkybox":true,"showFlares":true,"showImageEffects":true,"showParticleSystems":true,"showVisualEffectGraphs":true,"m_FxEnabled":true},"in2DMode":false,"pivot":{"x":403.5694274902344,"y":134.2331085205078,"z":475.93902587890627},"rotation":{"x":-0.16603682935237885,"y":0.0020677929278463127,"z":-0.00034820972359739244,"w":-0.9861164689064026},"size":3.222085952758789,"orthographic":false}