{"cameraMode":{"drawMode":0,"name":"Shaded","section":"Shading Mode"},"sceneLighting":true,"audioPlay":false,"sceneViewState":{"m_AlwaysRefresh":false,"showFog":true,"showSkybox":true,"showFlares":true,"showImageEffects":true,"showParticleSystems":true,"showVisualEffectGraphs":true,"m_FxEnabled":true},"in2DMode":false,"pivot":{"x":399.4057922363281,"y":109.98158264160156,"z":481.5785827636719},"rotation":{"x":-0.17779795825481416,"y":0.02567789889872074,"z":-0.004641071893274784,"w":-0.9837210178375244},"size":5.536782741546631,"orthographic":false}