{"cameraMode":{"drawMode":0,"name":"Shaded","section":"Shading Mode"},"sceneLighting":true,"audioPlay":false,"sceneViewState":{"m_AlwaysRefresh":false,"showFog":true,"showSkybox":true,"showFlares":true,"showImageEffects":true,"showParticleSystems":true,"showVisualEffectGraphs":true,"m_FxEnabled":true},"in2DMode":false,"pivot":{"x":415.16851806640627,"y":349.3548583984375,"z":909.2769775390625},"rotation":{"x":0.023990454152226449,"y":0.024592164903879167,"z":-0.0005897706723771989,"w":0.9994100332260132},"size":693.493896484375,"orthographic":false}