{"cameraMode":{"drawMode":0,"name":"Shaded","section":"Shading Mode"},"sceneLighting":true,"audioPlay":false,"sceneViewState":{"m_AlwaysRefresh":false,"showFog":true,"showSkybox":true,"showFlares":true,"showImageEffects":true,"showParticleSystems":true,"showVisualEffectGraphs":true,"m_FxEnabled":true},"in2DMode":false,"pivot":{"x":590.3017578125,"y":28.818145751953126,"z":1675.2740478515625},"rotation":{"x":-0.06027180328965187,"y":-0.006890480872243643,"z":0.00041602857527323067,"w":-0.9981569647789002},"size":1303.6473388671875,"orthographic":false}